molecular_weight,electronegativity,bond_lengths,num_hydrogen_bonds,logP,toxicity_score
382.6016115427961,2.002691671867969,3.6115339579743218,3,9.826661541896506,116.61387626688779
408.96145903673084,2.9362551071416374,3.4790410786326165,6,9.85888830426086,91.12002964501733
239.5475461201013,2.7141277292038275,2.6392242806366975,8,6.759616156840784,76.4934202060594
315.5802795871858,2.8559842924972068,2.8603419373734438,9,8.706740111945676,63.145275501118235
282.52147448972784,2.838769604373988,2.966400564289894,1,7.817298492614755,73.31314513822177
406.14070358884766,3.476682998842826,3.4402379378883694,0,10.422307341221343,94.83144049110173
290.6237107844851,2.6662707818033673,2.9934555509349448,2,7.678277646992077,88.0434582764506
295.5461802775041,2.300945396068695,2.8522353220321506,3,7.350962620428165,81.06388110089001
387.97590906533065,2.9218438595291905,3.359290308421989,9,9.837614732937979,92.27873729688093
303.0048024598258,3.380619908229617,2.9252096418253277,5,8.416937195873908,72.61889061496716
323.6161365035495,3.168076617157997,2.954524898377307,6,8.516360633666656,73.53067369080203
355.2228240942903,3.310062197613913,3.2376912354485654,8,8.63748191228788,76.80045862736311
399.3902350377149,2.8643510882919845,3.416014734315077,4,9.701267926949491,124.58536487764705
310.8425612418565,3.0346790797657586,3.1529404061323634,2,8.275272083252762,85.55763232107854
364.62804282627195,2.8602242691132176,3.059191797878816,2,9.618296754007243,106.28225118036386
300.98385974076587,3.151855859354386,2.93365218914413,8,7.931033099406569,67.0913649364183
356.8110407150749,2.655318771897497,3.0114745306963147,4,9.176283085736182,106.89923403093283
412.6496526241443,2.6438728607920514,3.5090169217260767,6,10.07525377473702,97.87482525659685
357.3205888787217,2.9955631984205593,3.106171368427609,1,9.369050024896001,87.10334065731847
342.19141673793894,3.9280162888069037,3.000941660392525,8,8.787736943863145,80.96671687252913
313.76088879705077,2.9856697685174147,3.1776487212722464,6,8.643297743106308,89.36650921110251
366.60144795980113,2.59911319242931,3.149492949636003,2,9.10583958253602,83.32209553953585
379.879897474727,2.5218824945603022,3.244570757724575,7,10.111110493537243,93.89224147016266
352.8850967996829,3.827162535265421,3.225110543319982,2,9.520674994475314,81.52314201392807
384.25343064159,3.473397466755971,3.196226379810978,6,9.311909642214415,64.03214586430295
388.03514133908067,3.075791928488432,3.4132521186020557,6,10.252437868414834,91.25653355007478
324.76128063407845,3.342222263608285,2.933601247734641,9,7.626348999223462,74.11906089020266
440.20389810602904,3.2212596625516836,3.5887485971705733,1,11.021606698174981,103.53404584279582
351.72468937608903,3.6676278103305324,3.101640154056569,8,9.386431178797773,74.10388072159938
308.48551580712535,3.1712744991242303,2.6433139819455542,3,8.160931472037014,76.25378453218462
263.1149395101605,2.8862461401573962,2.667690951949962,0,6.496122449732624,72.13001348786746
276.1481410139627,2.8929435636404826,2.6339881784945693,4,7.733314642972523,60.62739485844839
378.28810142815973,3.1405919601408807,3.3703461758783506,9,9.134278635067984,86.90800487856582
267.0320161421398,2.8573307463280515,2.7691652101675883,2,7.518398407603152,45.278981416572364
351.4706104555366,2.9690226157096027,3.1417632344840163,3,8.977528391133704,86.92671399994435
353.49252310676,2.851072378824831,3.103313924629369,5,9.137024702354598,95.83148416093059
327.51075154702414,3.1059101243911917,2.8839965454144103,5,8.610562927702334,63.975374530372505
360.91197530350973,3.028501499964357,3.314206799898637,5,9.346884456169366,81.24413617589211
326.39967126035833,2.947975882578552,2.9895747229619873,1,8.427847578280364,101.68772544549711
408.53270762734155,2.8417277152974947,3.462022529273462,8,10.059469852921,105.73308152465108
387.44718902312934,2.563134546912764,3.4067897208722244,7,9.386035357610254,97.38411144248292
367.76721662387456,3.4166898656235407,3.305884144843494,6,9.378934889572319,73.20685064821956
399.5249809392818,3.8344188198148457,3.4206319806155494,5,10.40756188349083,83.32682479287783
323.2289940071132,3.1422675794252917,3.1072812422530385,9,8.458967253208495,68.28158662014584
387.77773051541675,3.4549258169458916,3.188580622401102,9,9.85206395216714,87.74416586874912
313.9869873704723,3.0537185988991173,2.855055533336496,0,8.397735099227758,76.65408828684188
421.70279773549055,2.894936191873533,3.5176892371222896,5,11.056280755634802,117.13841846796387
294.67008054934246,2.7123562194203257,2.935321547343326,2,8.305864536731304,75.15404248261076
346.6671380662029,3.1170861928567413,2.9726779802571466,0,9.153806097139004,81.13523313760376
290.09875755567253,3.1519070544163585,3.013089679314569,5,7.834543062846408,77.06241316247159
351.1051027513731,2.88100711965046,3.1593493132528687,5,9.260381458914011,77.83785961148808
421.30359640688505,2.9214877394448253,3.4877850801937873,4,10.184310908188843,111.631059031334
346.42847863629197,3.0184010989013097,3.17257186867763,1,8.951371190149564,83.42504970898236
261.28482525320953,2.6738497486735513,2.734487766715061,0,7.005319032024776,33.31338427964116
264.5151088271926,3.461560293702299,2.5916935042240516,9,7.9329832841274115,57.24098141065065
313.89760326623616,2.0046690586348044,3.0502002759949116,6,8.20073910409772,82.4344887575029
393.5459974339215,2.886337960828481,3.3759295428109635,4,9.645382633649875,101.14810620650356
322.19493843125224,2.9625455245043315,2.8502187057193638,6,8.839116988315343,73.99897385906621
237.96408844449513,3.3029980597349944,2.5250662616589596,0,6.852227981958011,39.162443172421675
318.96269299397767,2.840040375147545,2.9669251255548126,3,8.339876769751863,98.65298651400855
403.975992525995,3.670557210883281,3.4617197847188432,0,10.355242795416231,88.85334917498855
411.8599713497571,3.6939746303347234,3.324712764401464,9,10.072107880841516,106.40883990355752
381.788250674917,3.3517668164549614,3.2872395483321477,7,10.1341427778627,99.42433913418718
581.1638894392833,3.180490127727403,4.305748587738751,6,14.148150811741747,163.36077304402204
374.80609419342204,3.3128520006125837,3.211595931995788,8,9.351298827213832,102.97476871557691
285.13620034400617,3.4872778847017023,2.821750272957268,7,7.964113196117298,63.395526085308624
348.0348037870401,3.1493394238845593,3.1998968407605393,3,8.324139606038225,75.02167523591054
367.1519234434943,3.1278098683131823,3.151901037372748,1,9.652802330172383,94.27025021281516
371.6837363305048,2.4922678013813204,3.3549584301116413,7,9.419598552946342,103.6407664063049
436.494117239474,2.5690495692060966,3.551622307351788,5,10.5927534678136,121.98726177200031
360.47466876991035,3.2289561244702703,3.26621253641039,7,8.89346870644611,84.42263503817136
298.32294792030416,2.785873314972936,3.035977939948402,2,8.021824349365195,76.28927761447348
354.29397423316357,3.4273517334776065,3.2952136846342315,5,8.764237781067589,88.1880115505417
273.2253819958579,3.2085119620055256,2.8124557629911,9,7.413861122960155,72.44879012058615
314.6381145833473,3.510786154435275,2.981722387173239,3,8.290941018204979,67.41682591150442
312.63802881076435,2.8847844504311695,3.1054271302236724,7,7.606893398329543,74.57080311712116
333.86667856671016,3.1779095231326377,3.12041260168631,1,8.735648861807404,84.1212765020927
361.8116741521474,2.9173554881215815,3.032150780271825,1,9.550362973826594,99.48565290311265
298.63497044546796,2.841508128759296,2.8868223947658045,5,7.998542573823272,69.38867717100777
314.5057166698502,3.1446644244988065,2.9542089214772123,7,8.287378634403744,63.27200836798211
426.2933056996495,2.966512816060315,3.5051217068900224,4,10.396380020177576,106.4374540800968
345.67939270517996,3.701973228658897,2.884515247698257,9,8.525183411387328,82.57532339049179
377.72620845579627,3.542177120442198,3.180048529390463,4,9.597039243207897,74.87774413386349
410.21197387352146,3.007360652313375,3.4376319531489767,6,10.552487513683985,102.74131550778813
369.44998114930655,3.448743142492188,3.19141973035193,5,9.206145962338347,91.86506265761398
372.26875240227855,2.5553679001945797,3.3634820915543324,9,9.675199131560978,111.26331242330843
315.7292606130322,3.6573512623218134,3.0120639447896504,8,8.265665123077515,74.87566662387117
347.7419178545091,3.4050549638576286,3.1754745185716873,3,8.794239901304005,77.65648142043601
413.21850779647036,2.8207101534799404,3.451008767825682,2,9.71518028687247,101.54841311116027
397.49976163777615,2.7642913392842776,3.3487888379414406,8,9.906768966039039,108.3463156594678
222.56625654141158,3.085029612252886,2.5472100708620466,4,7.098517594807882,35.86384271870856
407.3085392300743,2.497945851210642,3.353360475327327,9,10.656835267992058,115.14097025569656
310.2425744632492,2.6137340785907166,2.987961038863676,1,8.136906259610035,80.99204128562282
320.87818713025376,2.705878615727219,3.21436311456792,1,8.166959626627149,96.64134981630893
377.5508047537062,2.645900525550311,3.158142357343541,3,9.32536917339695,109.41938950190678
447.7169327342775,3.229497768401765,3.6254374041042206,3,10.879731316830487,110.47214784048904
418.95639957714053,3.090304609244702,3.520098521689501,5,10.305309245103826,110.77505433263893
318.21438777397765,2.21955925438455,2.945747097967587,4,8.286575111733342,88.43715925993905
278.22760255515976,2.7882671550206517,2.780815837482549,1,7.042637917469765,76.31586284140914
444.7743287438427,2.5295306653780876,3.7485608152726853,2,10.568366851644,125.41863612321968
356.85365891972236,4.297237187837894,3.2468190962817154,4,9.236667277565152,103.63378823824483
438.52137301697314,2.8636368490615682,3.654307460042535,6,10.229833329065457,105.34844624673055
288.7260309721572,3.4998019602824635,2.783232092263863,9,7.850642517891517,70.97753654917244
426.01466895119734,2.647572665335483,3.6187620837657164,2,11.022065095075257,107.88535268664096
250.70859968805382,3.1067273585181607,2.7606973136637576,0,6.893077454788477,40.67107375789476
335.2554161548433,2.675599654548462,2.967313777039978,2,8.386390264652803,81.96967970036759
370.25615972451214,2.263968902197699,3.164451525434924,3,9.337179526919785,83.67068891630433
376.8625136010389,3.0745664678976183,3.173683216764031,1,9.604221946259527,96.44777364945871
335.27671303982777,2.9613505319940443,3.0529815792884403,3,8.88396056329614,88.1226473675226
361.19654738938146,3.2193278510217995,3.272848217422698,9,9.037676668312294,77.89208846849709
365.5833501032889,2.2673271011175897,3.433571106999399,2,9.165012175529895,107.06643260161177
328.22968637362044,3.0730004122396855,2.900629447187745,3,8.369592953225371,72.33881886085744
280.4981186484474,2.167160518724405,2.7064859637142904,6,7.763887998998136,69.28093278381915
366.02301595215556,2.8468731241548126,3.2783217524943167,1,8.67491569864432,82.25766867415774
404.92412706212446,2.9773646044400417,3.3738066155458912,1,10.407567577452042,112.26219524495495
333.83558993332656,3.2089002544071112,3.066822734579209,6,8.934853845174455,77.12383707801844
336.59223288044893,2.687920348353015,2.861774973269294,8,8.434956216637877,86.64412206289491
254.9658305908566,3.2272412820514584,2.7291770908212922,5,6.867453311470049,54.44496978745932
310.88983353187047,3.8383374007236637,2.912712486298844,6,8.077985720076937,63.002325225578126
371.42092915790283,2.5171913408571136,3.1740602051338573,0,9.452967390722327,82.04768865992622
414.00048137534924,2.6800237973192265,3.54682312853992,9,10.149093860349014,131.29744624746135
432.1178934519409,3.4255763950243425,3.612014942861488,4,10.052450892226018,109.3637344353047
373.94816686112426,2.1469617495380655,3.129810216825427,3,9.733189840367611,115.24501615231306
294.384171705315,2.904755825475178,2.915594713699926,3,8.055181507862816,69.12936589931108
361.18725888616564,2.498030932799083,3.1105423524911635,7,9.057668705210915,89.02740681232213
324.7409311507842,2.4803134546216703,3.1161316697077037,1,8.413481542702913,94.78365787893244
486.2415714682637,2.5108419921777743,3.953564745583181,0,11.743335384319666,129.97515753178496
390.1803529298023,2.5435965960989044,3.3772504861821178,9,9.608199990458498,112.55794072651881
370.0674073992215,3.661446907396914,3.1616689447677615,3,9.739359689032705,83.01192691971849
406.2970283585599,2.4445829784675155,3.44986859342505,9,10.696297772897099,130.82535229745386
372.63802958269116,2.909009496018637,3.2139999031628355,5,9.234359709285084,98.98502970415926
318.14018269989094,2.426739274190115,2.936788643184557,1,8.490961962559325,84.63412863880642
275.133009082109,3.7764869745854996,2.8949157966583425,9,7.078545832570687,47.69950588672076
333.1339824268427,3.0113830324732636,3.0734179639861,1,8.983724720031782,90.19628768358707
295.7410024937355,2.5794760353442623,2.765616168936086,9,7.578934819888007,77.02510376703692
405.87680714697194,2.6572911624692828,3.3474582497627097,9,9.916049132558024,109.86243770122307
397.4619168225828,2.806575406461385,3.6285711262742053,0,10.28089611633905,112.75642294460508
395.53815322959605,3.712719563508424,3.404278589113185,6,10.28508568639404,88.26883345131023
356.65535538259195,2.8445916899267965,3.201661731388329,6,9.264004208554049,93.74936221703092
347.85043765340293,3.0809315185691206,3.1481179473631586,4,8.980055320386136,99.76682930972585
261.2886805779543,3.285843916254647,2.624201409651551,5,7.17398542157684,53.786133547326166
310.8002460455773,2.7067375211560014,2.8209698676539876,0,7.985012951593953,86.7399882899372
247.38989644060246,3.681269043967215,2.5863748117768184,7,6.869933925536873,56.221637198108
389.7278404712628,3.012012591665633,3.2808827371227487,4,9.748815858511094,97.59654842336073
420.1577354267404,2.236799145150677,3.5223283276793307,8,10.370271767357059,129.32452881884996
344.28226805678287,2.4003936158166397,3.1899621141629346,1,8.345328040889836,100.56955703263107
338.78770135031846,2.6024549300660587,3.082261915172068,2,8.630835711501337,80.21026287875306
277.9822155766534,2.9308793050414144,2.9516323353801295,6,7.364861048013266,51.01464611138232
487.933887417155,2.982042787950985,3.834779718738364,4,11.691220953800677,134.76419102988157
385.70942152621484,2.6383726841056,3.4064407579822857,0,9.873096256831317,124.04550417395541
259.81142281291363,2.9859969559975057,2.633848225205262,2,7.331939995133193,67.56626055297673
278.5217901678411,3.5314563312992924,2.9207733303395824,5,7.864965449454301,70.87155013085987
204.5672404022626,3.5789222797567226,2.3382046042647397,4,6.37560274668211,60.17397919916444
244.47563081461314,3.4405291830943048,2.5889704309750714,8,6.806468626325588,62.564595190445246
402.3474396968087,3.4920888702603152,3.3650876605612234,9,9.929454223709637,85.19878993177305
308.01646952044484,3.0626774912986097,2.98830724287029,1,8.097622413223089,62.790019480829386
337.8684408539664,2.99987453095529,3.1781077468572154,3,8.899778286943313,75.64732675515556
274.9331854168818,3.133043004129679,2.6434440077412686,5,7.295340217180182,62.00598937033299
321.2495457292826,3.1269813045000703,3.09133752486321,3,8.656500527780155,79.88608746000436
390.9134893775787,2.9743688943405133,3.0798169626153697,2,9.810348060463896,82.11966079536663
319.3990160687152,3.458576348160291,2.772306146945115,9,8.085061109961323,93.98365824433618
456.2480381381306,3.521403172773904,3.7267142819047665,6,11.072195019032911,124.83090361760713
391.7723818888051,2.8275497721699603,3.4490896268226905,3,10.612316730381686,100.50526918297626
460.9373656967207,3.1632211387347025,3.613911210468911,2,11.392637265898486,132.54245616157337
326.73790640384095,2.708615351327863,3.002908684905316,4,8.036010531666117,76.53342878030388
190.9418114964193,2.9431413852237815,2.4099390512500487,2,6.071022237879752,35.464810406271155
398.7717271303376,2.538659795761616,3.458903644905302,3,10.055652236828323,116.57463000437154
376.6557986891624,2.9393142265691083,3.3445258728471723,9,9.455444481672025,99.98758735917549
428.32872842925974,2.8554148933224055,3.6082360673517444,4,10.569680354538209,124.94948995405507
336.9391278063668,2.5272503498316796,3.0526288764761147,3,8.731274468503793,88.18217030607276
441.9643347801547,2.3250622611557157,3.4745546453164198,0,11.013074145483419,105.46733390827717
417.1744946860746,3.5545397589051375,3.555164335733534,6,10.212252403624468,94.18615733574993
234.8737270820575,2.5352864624350544,2.519957235198868,2,6.640269821412146,56.58145466351399
351.61315033967185,2.690154011992567,3.3992334192562015,4,9.16183977019562,82.57056436050918
311.2056269454484,3.6120780795453404,2.91731506974829,0,7.798602819029059,82.99051207267831
374.1027033259365,2.4578209987550843,3.381782354128675,6,9.190133384254263,112.6687746998696
258.8378020427592,3.1470479360838843,2.568949665772484,3,7.545056738597172,58.12232032368633
396.47804320576023,3.5745341622823914,3.4022850307084505,4,9.912830140817892,92.11858293846855
355.767246616459,2.5130869231118083,3.2138162355390856,1,8.902822902256041,82.16192495366036
455.1362266054174,2.939902804480696,3.5192008558908814,4,11.559119347685083,132.79879517979887
441.38744463617945,3.2045998301447445,3.4812865337529715,4,11.290381878493951,125.2748623209167
424.76511154985775,3.411782992639343,3.454148375906331,4,10.423622601246246,100.22885977485436
361.0005203443011,2.6141848820359233,3.0723978331133015,7,9.531981813104846,110.73688777382081
252.34745372701025,2.9208249084061273,2.703746717680235,6,7.612324966320587,63.629421848158294
379.54707584048896,3.3312918760738492,3.18800512643916,3,9.282638974531991,109.70742952499458
330.67630902765944,2.5915350169758797,3.208283560287816,7,8.24524383601209,91.58974588879828
289.84823812173147,2.933747435872947,2.875366243732043,3,7.019652074791156,65.64744458119873
325.9267716868498,3.7813036550106274,3.1830066294258987,4,8.470976561828905,76.50582242465816
389.01207067751966,2.7612102853115705,3.409108332907681,8,9.860979495923925,100.05872801269614
265.60033418910666,2.410347147183158,2.707554548846921,9,7.612320511552276,75.6645712113347
347.26483901867016,2.8880026792502083,3.1176345792771523,8,9.283111855605053,101.78978371377636
333.0929234683696,3.192363237099558,3.028813915305043,8,8.667513356250847,80.14235124944223
350.8357575147768,3.002871386763177,3.0449853975343526,8,9.06725344317642,94.56647347447745
281.4217821301626,3.1749252748155845,2.8558961391379203,6,8.037677771595407,60.20899294842203
389.0834750783479,3.6092954486849034,3.3002083421084314,7,10.05014681465029,97.05143353765351
357.2177379027139,2.911010041288694,3.267228344962729,1,9.047550806401638,102.05716094047781
354.5482734916236,3.6359355912722737,3.0209539927900373,6,9.026932608553409,75.0201026170042
380.90286117836285,3.3601594353580255,3.273208502839499,3,9.19727564202735,93.4072735844525
282.4706571620974,3.158327912438369,2.811701154287541,6,7.626061984138108,62.763667565444834
355.5056465921301,3.093609781741259,3.1635836053925503,9,9.560340869032895,90.69463911405802
332.4983750124034,3.0137764046823365,3.013328256498812,7,8.343129730688545,85.79142971179986
352.84392027898485,3.6377769566996787,3.1347106099711333,8,8.578467485399658,87.70161109484751
331.42721364116056,2.8739653075223566,3.2002727463889213,4,9.210222972540697,86.07265695354336
324.0465087308227,3.0492312806624726,3.02057009431383,7,8.239976489412351,61.57752719226558
443.0300295688446,3.4950615030047993,3.8055638068015236,2,10.517482729180694,117.25417159372657
333.8075038823977,2.610648464789186,3.008367489935459,1,8.861896355949515,94.86294798322508
374.7668556161899,2.299268477299312,3.172324858898163,3,10.22726283422558,107.32228387971004
323.2139831269683,3.3798378285457953,3.025876669588736,1,8.41383651696393,59.74408186887989
382.3346026210795,3.774061616024092,3.392993531780195,7,10.248519918869327,106.2959594359962
323.2698487159537,2.7319539198183067,3.011108798522021,0,8.515993375909092,81.81922503254394
431.37440171424936,3.1286372845356953,3.4985961428100882,2,10.291587065897144,120.03431220082163
428.4285652569457,2.149109031859402,3.5472315964703305,1,10.9812833491324,115.9358194168866
258.6087857129735,2.8654452218355457,2.718267968207535,3,6.896360336783543,52.48910153923452
318.6283983708039,3.1950241188346875,2.986941590917416,5,8.795847681339959,98.14975066552586
353.5531060408693,3.1456561184218645,3.253218052911008,4,8.982441697775677,112.14527240323805
296.1647377108501,2.381708085323707,2.8736637633684436,5,8.288923309726197,56.44868214350922
307.2292530393701,3.4770940661665657,2.982466894406763,4,8.533683424755736,75.90994075544688
374.2989026576573,2.256839419440685,3.363659524480733,4,9.01920935929206,84.55843303181908
394.77521396163326,2.4372739962009846,3.26086913590413,1,9.557474038559723,120.16300521599663
225.08423552697667,3.1696267446073803,2.4902797540635104,8,6.461894586624762,51.27280872324308
357.0396429985269,3.4245483859492536,3.4961900705931708,9,8.871252465433228,87.5598139929439
411.7493382395386,3.3172702752874708,3.6574528023676374,6,10.474969335373387,118.55985995856423
236.62755614326812,3.0766309584776357,2.593713159843489,8,6.615995586938697,26.924137199225836
244.21759067823598,3.478898769458091,2.6366070217770776,9,7.298379219808955,40.056923540498
339.97291518098876,3.5573818110097726,2.891453281955085,3,8.721819484819644,75.47988841675621
388.86131228604154,2.8345577866313425,3.2650645693302116,9,9.795115356696883,90.74478292638128
201.70132999236264,3.550598580007815,2.6511782985963652,2,5.8533629817387185,14.448087260141943
368.65445393588027,2.7922414512695495,3.3492659080840634,7,9.022055170899797,85.1014419347482
361.4659440811942,3.645911516283941,3.0556123507388033,7,9.197128238422616,82.60376490222708
298.37519808296287,3.2715787951048934,2.9894576623492854,8,8.121583993630173,65.58475094630712
321.73770166290063,2.614117829699714,2.793354216327379,6,8.71962027389041,80.15108132697044
289.90279940630506,2.1739667814974717,2.7543221510293017,4,7.903490450388576,68.22321277879638
292.66757356397443,1.9587451648690806,3.0352756584406015,1,7.741501525651958,78.58348063431127
217.3318814595269,3.1147823417206837,2.375462704720218,5,6.335945184501293,41.616473378164414
286.537344262646,2.6070823862981283,2.883233737229893,0,7.924905667163742,86.4459820806058
461.13669107053624,2.7367006350664607,3.6083288353822347,6,10.72215859924745,120.0078597270514
362.9875153749185,2.189676850755449,3.294000136790869,8,8.848809413624647,123.80362471446779
392.54022545531075,3.3075358703875586,3.2570453630005285,9,10.044369184891233,120.72736339454933
362.84562464781226,3.912660734615537,3.416659085567747,6,9.076502199770882,93.3549957999442
309.37029730927327,3.2296284883576005,2.9111485664657053,3,8.63462378724045,74.1955553197754
441.3817913844815,3.755075062936076,3.5761128039585035,7,10.63355479437796,123.67893962399536
267.33983792257453,2.6190734477044813,2.6410555519310717,5,7.361454779549202,49.22152577935439
315.39372016590005,3.1739080258227563,2.9644231748292103,7,8.283070197565191,76.2068080030795
351.78536836974473,2.5936484692040085,3.1890375757678977,2,9.042100861996477,95.46724332399519
426.6598937473055,3.212802479528777,3.5939717746501456,4,10.541652222156848,101.91862517693835
345.53324505403,2.2520734641871343,3.1879849683783843,7,9.484874307240636,84.73346280651239
279.0044892400535,3.186618124580051,2.8514830387896275,1,7.6723117941438,64.3970236657252
332.05955897204797,3.2212160343409435,3.1806862385771213,4,8.512756631151186,83.42823525468165
301.49038382640873,2.925661699122901,2.8523982341828855,9,8.144388312197641,67.9075784305853
340.892894297865,2.8679519624134198,3.1828035224175846,9,8.266996274026312,48.90087698303186
438.67364268449097,2.213172118565139,3.4489827318091004,9,10.676982338324605,114.0443536830122
227.49590789454257,2.811494503718992,2.597691371511961,7,6.776205556834924,48.512167634198114
250.3423439890405,3.5213112149264254,2.6698543819565996,0,7.408982013587753,52.77479639003057
432.9295394622516,2.8427788971754397,3.6154745612787167,0,10.632081901483431,112.76387941065413
343.12760928484295,3.908579898169118,3.1363647793641087,2,9.222676358080186,70.5299613278496
475.5432365411276,3.1031903924884725,3.9451654260403917,2,11.656815223970412,142.1461448605784
395.08322740230733,2.1132724642583742,3.290275493585505,1,10.457892317946403,100.02700107697495
386.47379058299236,2.9650258684891275,3.3148125583650403,5,9.493140686087376,107.77125471504864
357.97818044881257,2.8614293975972402,3.1704211726323948,8,8.83774070125431,102.03703844837784
335.9517825830492,2.4658073723600435,3.1010882836525395,4,8.837081267287509,94.57344373274184
291.2976333430981,2.668721490813906,3.0249895945863416,2,7.721157628026503,79.15243280969453
336.74182402800665,2.4653098244496277,3.1724382038667076,2,8.911410001886317,99.76695375435982
365.66331633079335,3.2334177212047552,3.121130858349951,7,8.713806121256235,90.6203875756391
447.9446782358981,2.6486707691281044,3.461864632778839,9,10.925525746313353,123.9814431803219
332.6804816647917,2.148506362234075,3.077741255058184,0,8.771150834916599,101.6603417221114
389.5126563603698,3.055954893135651,3.40104501543644,0,9.462963198142837,114.23176346367603
351.69910256782765,2.6026565201672196,3.122532545593892,4,9.356784192936132,84.68123749911214
299.6166894691534,3.866022427122641,2.8017075547247057,2,8.19571155078485,61.11696075545376
441.7730191676368,2.7462856609242388,3.6551835753649424,3,10.581553386855473,111.45536016947348
314.03644127335866,3.4762194377374387,2.874467114877289,7,8.134355403023463,81.94740006452001
349.52164152100295,2.8691930729560915,3.146224432995591,4,8.824875386652325,95.96881740336276
418.56936887090126,3.4194828505666255,3.2366134784749754,6,10.431717091432516,91.31543746136133
372.12039853237405,2.7775525012956876,3.256050768131746,8,9.651494292000702,99.37743277439183
274.3469627398973,3.2412990002285573,2.758979901661733,2,7.586203324462284,52.945492024070724
384.2359201155896,3.651666545960378,3.2898266319607083,3,9.396886631294748,78.34322398848713
382.5536026151579,2.8115501392728484,3.4065250268384455,8,9.490501488834989,93.27607978012792
296.968553827932,3.2850848115445324,2.9274314897589635,2,7.933479736880636,73.6830107478313
431.33827152829707,3.000273127582993,3.4377246917324493,1,10.387007828570866,135.13456453914372
371.42675429070476,3.0561439479392187,3.3172544463464355,2,9.323757774518567,105.87511721888859
386.6351447170294,2.531106498625344,3.2289712823608365,7,9.960719683447468,115.44088711642469
299.00933783211246,2.63274920663337,2.874748625420996,6,7.870078404917252,90.44375417480285
390.89004184235745,3.08483734122967,3.175863560018376,3,9.578993079806102,91.49866858999201
401.1460000877734,3.375166215004262,3.4743618461345367,9,10.51143898869403,102.96029829839445
337.51266497856346,3.5674125380592145,3.2614532912725753,5,8.86682688093056,82.13160573489225
418.1339384108359,2.5287836530494476,3.5511212246897164,1,10.154807208877948,111.14620158707946
359.01810568771265,3.9231665002464444,3.2836136767374624,5,9.237512017687973,87.7188452906379
300.36614338686064,2.608111510113277,2.94269599808237,3,8.06233084367096,73.99539247822266
286.4471886866629,2.834553733748143,2.7631818382016884,1,7.735325246754076,60.47949711516399
285.3353133242416,3.4998475621186667,2.7666342100473376,5,7.662605665996285,46.96463912366215
335.52583652862023,3.206117728649787,3.1982286342977826,6,8.17860699011034,77.77583455290063
258.46848974451564,3.215051961179952,2.7008633936859683,2,7.282499913060969,52.389006804972446
347.6266907686007,2.9342659176458437,3.1954462351671236,2,8.856817634672028,103.71044504287721
464.56499842820784,2.749074621619479,3.8196434581943253,3,11.125944253665597,131.71140503475732
343.2603170185502,3.0701147115735696,3.203217191531678,9,8.691049305429587,95.61939935781663
343.4743910925885,2.282443000852844,2.9651360368411535,4,8.905361932376016,81.28540574188594
318.16993114336833,2.8181809125026223,3.0591825549979488,1,8.004633704256811,75.27132584630112
319.87674653884335,3.15532480216938,3.146650800269315,8,7.946643832258322,73.10792797786111
413.50546921097526,3.177679330916269,3.5799626820419266,3,10.203733297143774,111.3422229126829
396.0460837491745,2.381078404424654,3.2985215556390535,5,10.11147321548808,83.97726140872862
307.1389149184179,2.347489673815622,2.874058433788142,2,8.445723425171149,59.501873690828106
282.21758872054295,3.5804005752525345,2.685237452535181,8,8.176027253411782,58.363131783750944
373.04392693635845,3.0582084791072965,3.440178025102334,6,9.659742919327392,92.04147406597427
253.61322078454566,2.8554757752130837,2.8673176392395403,3,7.590353571060935,54.96284050951361
335.0621510912556,3.1703374634519315,3.0523716810494754,2,8.591757202962247,93.25820239012427
345.5339942539972,2.169764796368587,3.121493551283973,6,8.781889217724766,93.3190148086296
364.6003669593615,2.4883877055120855,3.0599545104252934,2,9.276589222110685,96.41123203162802
408.5071840050651,3.5598378580583177,3.5315742363773035,3,10.214743917261934,112.89514035171007
364.13687348651393,2.6672180330022197,3.3671020913078133,3,8.798197924958625,116.98643906637679
376.40086700319995,3.0240343978460653,3.3696090142689794,4,10.32132034416911,99.93135848769063
289.51482134495575,3.4297272050862246,2.9126877309071446,6,7.945078192210344,77.07952126447057
412.25239665547394,3.5036932959147196,3.546105071497898,9,9.536168202446927,77.05239899428038
388.31554752664243,3.5989726732718506,3.3889409453143573,7,9.80857682460621,104.47856509858093
325.0827251659519,3.5325356247953614,3.0643295453965527,0,8.846245708147652,66.23576884554808
455.2876509190619,3.540881071546858,3.6788285589238052,1,11.675717598849802,113.16478185776235
319.1679849597984,2.8449200334365754,2.9174633582403526,1,8.75484462062606,76.50242458113405
380.24279093107066,2.775756945261076,3.229637955744278,3,10.385360752875531,116.57655028958332
307.0817774444019,3.3117396015621328,2.7487548920859477,0,8.430799283926511,85.62368999387894
401.45957739212116,3.171326676950095,3.4756548192806536,5,10.191630366303858,106.74354516763323
317.6144191814383,2.5201209886538765,2.913823672653353,8,8.462474577649168,91.9517266922154
407.24010580959214,3.666889644620455,3.524433835280301,0,9.929279936521084,86.13029624925133
230.74586512394643,2.90058855277022,2.508710399134591,5,6.869983825112977,39.139035861593705
381.3164939370139,2.955733852577068,3.2962569936701644,4,10.10468139770777,98.76155523184715
394.8376163073957,3.0866499901618476,3.335790954341743,8,9.844264399139291,98.13575943271599
353.3434947373217,2.3828793939161415,3.12241307157376,3,9.087226547904654,95.75117930662341
335.14888186690973,2.5086224674936948,3.0515946647474705,2,8.69186659822367,78.49021597136826
314.45636454566784,3.129189801447067,3.2671912652592114,2,8.498043525150372,65.15744296573183
364.6979942665234,2.589452316933643,3.272691856131897,4,9.425041336254372,100.00523701408042
264.6647774241395,2.7939126424767027,2.809282675818678,7,7.573072798044717,70.01242583009524
344.19721328777644,2.4736736734289972,3.274222838906694,9,8.84782991656945,98.4500215575651
378.4155458381109,3.5979752909812945,3.3512591425646923,4,9.704371207216413,84.05361787047843
265.4923222181864,2.665231718481488,2.82983256570163,7,7.642756396950595,70.0521509703533
415.92661111923144,3.1797895651329227,3.6591541911873895,5,10.563862112144715,119.08730129667694
269.1088746736572,2.3447883770255933,2.6396536146626257,5,7.603820637739395,70.14828468012414
415.6514911082569,2.7468979880459843,3.4303081588013598,2,10.568861924701803,104.14361532250939
379.80284918067395,2.2368769768490435,3.2314964184059316,7,10.01586361458928,112.7371732021001
390.9171782776978,2.9784380603977043,3.43847994143545,4,9.498809466631345,108.95479603045585
273.174238850223,2.7901731944931796,2.780359977560804,9,7.665256887365279,69.63721504750166
337.8172768374204,3.5866163437114413,3.032608983770008,4,8.846883106694248,78.91106226361055
267.24084631912837,2.561052672411573,2.527501529735435,9,7.2524066411268455,63.82223909481344
346.035212081161,2.9586275102838866,3.1857273250400295,3,9.017654555878654,85.54011498922414
368.67500927261216,2.15774122326387,3.3887011126951645,2,9.499359918624352,100.77202769944006
322.9960717112454,3.1743901558000185,3.182325567586081,9,8.758735739966653,81.20346389393987
345.37389743515376,2.473147232021366,3.094884734850284,3,8.93873827988864,86.41858614665333
481.4273375485987,3.2958612606898687,3.8618485992605143,7,11.284643133066368,139.49829276666148
420.76640724327723,3.7890168707159235,3.49548823923735,8,10.305731679471911,90.16478840622929
473.64487549291925,2.7570582267151154,3.872956148126741,8,11.634386333573275,130.2082423414805
420.0669236995884,3.138683991041968,3.68743113603512,9,10.137943697964799,101.68304164013443
426.70711175643794,2.6229767976832497,3.5664864323394907,5,10.645034892788185,130.98480278619442
355.8246529608824,2.272808309845138,3.211797741264644,1,9.09501268139343,101.47544462548801
316.1552821557963,2.690972500497504,2.941529300172894,1,8.352500589157195,79.07116346141515
298.57054661502303,3.2088570183735743,2.8571081907940723,1,8.38901161820384,57.96209426784272
291.10948093712295,2.63349035977451,2.746822810799334,2,8.186118928736214,74.79255116082079
388.92259325537856,3.400652730083424,3.7372367369205253,0,9.667448556142933,104.98707904881547
311.2928147236926,3.2770891020467436,3.049085613842622,0,8.329807458993066,63.927779697923356
320.41994392047,2.004876537385968,3.0999855246805295,2,9.156298733639238,89.01108841739928
354.1137784883616,2.9849717420082076,3.172530558211207,0,9.208851796037818,92.00543620774154
300.2602993446757,3.135421150514366,3.0064962584956705,9,7.804778850800599,43.794505170086
388.72255697510883,2.289595298380639,3.190502034619972,1,9.461008381295867,116.04548740668747
419.48665241000407,2.9990384636324583,3.388263174436089,2,10.107932430054456,124.87540395535639
365.5929676549054,3.1729051802536623,3.2056446128110467,9,9.259937805812948,86.36850269255783
408.29425705726135,3.167282302355189,3.43712359030492,2,9.914122240943524,107.72059055554435
370.30978444966485,3.8499085612067847,3.2887594695090105,4,9.46636644816258,99.4080392437373
442.99606430105234,3.17720085217895,3.5576201442155715,3,11.149147436507555,118.95218541023293
346.2392541636097,2.808941766958398,3.0395770792699244,9,9.017434987051884,80.41607417113573
407.8025677546593,2.5382549327068062,3.597066907430134,5,10.462822484696078,113.97593172146131
313.9616786048717,2.796077322723647,2.990774334551821,3,8.46328896391656,49.91127598192578
408.35326697760377,2.696118753007885,3.2869045050016443,0,10.22544757612325,103.7650522526926
275.2556732772807,2.7529433292265213,2.6399609659271226,9,7.601048045788375,56.83386077588756
407.025430291163,3.3446544497991777,3.524146992568294,0,10.15010985054299,101.52137287612886
311.7567723616089,3.5184252247125585,2.848297582501792,5,7.877044397705234,73.11492006638211
304.77583013855065,2.8336132288210565,2.9705149881373867,8,8.351541270405106,76.08352262014998
386.3605970807384,3.1230450672756787,3.4363118328121676,7,9.654834645229204,108.87391144073948
363.64759607624774,3.3387083100865977,3.2347140645048906,1,9.183682870516957,100.55837326087
370.4691184889986,3.3104111655373902,3.267521391669867,4,9.390604431410116,97.0834539192096
444.7527689304435,3.194414515767055,3.62388439218844,7,11.16361334461719,128.40920138391525
306.45537121079207,2.9273987351457333,2.9026161101469805,4,8.200618119036276,85.8877712132783
534.7328485073142,3.4614361373267704,3.9398036625642456,0,12.428409316805654,151.82523595467248
443.8786193488404,3.6527427596356437,3.6391246674847615,8,10.492674719720238,120.28387140991498
331.53330590281996,2.433893123230325,3.0041330208124775,0,9.150420617901926,102.13173155383943
361.7932865906945,3.0390681506993342,3.1768421563416815,9,9.50491752657355,76.34510828492141
310.29281211389673,3.0738841899124334,2.9107604292768054,3,8.376551166033517,95.11742383880096
396.9093723066386,3.188017674947281,3.533533205393401,9,9.942861160407213,101.12075024672399
366.2947302317224,3.102879588142371,3.1901738689442682,8,9.277854765964456,67.4004265802264
478.63664535951955,2.4878177715990133,3.6720660338695197,0,11.331630536799471,140.9008839331142
488.8795140004105,2.5799437041591418,3.8085635547999304,7,11.421310754299357,140.1661111903495
307.9927511036496,2.355373056358869,2.9335449378073983,8,8.231629081306338,76.6093319832625
405.5706528518985,3.4722563649808578,3.4849145639814454,2,10.34492137988796,99.32606331251338
286.2617771764337,2.3075194786220297,2.898595009478851,8,8.20934892424627,74.11364403030666
362.50296847685314,2.3243267848130955,3.3641542479096227,3,9.490182227105368,120.74337762131492
387.3085977330318,2.2915725787647636,3.287427613950948,4,9.523430778951221,115.18351683720905
392.84002964552553,3.532229961615616,3.51754351835726,1,10.139031949306975,84.17087652890002
360.2820968713982,3.062789184387374,3.1604822405456807,2,9.067976658567282,100.39616429377656
369.5679813345271,2.7713015832175754,3.356016579439918,6,9.091260229308869,95.13707462541143
365.45302344336585,3.1802413651450157,3.1944032696419304,6,9.121929780658576,85.0384876050155
399.8201489926547,3.495833602576625,3.319096888523509,1,9.748125913658479,75.36739430314589
299.6469486066417,2.7777812882052535,2.8506126556787423,3,7.985272750835399,74.3111013814559
387.3709959408499,1.9871015659121258,3.470901084883284,6,9.52038139224616,130.66314295420705
225.9534739976074,3.056393079844824,2.400541100477475,9,6.57337594756326,49.77239801479584
361.09016742169246,3.8168304160574977,3.1296226302197034,4,9.507665712594731,86.21606922945664
388.45057167602056,2.871880878185343,3.2180768008319403,1,9.504449038152096,95.47923796178156
317.337036528489,2.2521033201218317,2.6847339670603625,8,8.865003681599994,83.1003535402679
395.4504626028383,3.052771186708783,3.3810460965589515,5,10.027410711003661,90.7996525390113
315.38648782861105,2.935855967582068,2.98242585024304,9,7.446051092587727,87.50103261833374
250.3087962638624,3.743080937415093,2.5589058683211583,4,6.475644115608393,56.4121520963499
378.8605539042028,3.477905144750775,3.340030809982538,6,9.449303799222392,100.61303095035584
385.586075478103,3.3488788000291914,3.3613163740473686,0,9.749635383425984,108.10803320548105
316.4646891637047,3.384121918512588,2.9707005415063277,6,7.570207526450195,76.0962964614774
374.77588725653743,3.2011137707580777,3.2745857521455046,6,9.37906469956838,85.29500085733851
326.895063175021,2.7162235990289814,2.947762294304015,3,8.656642323531642,69.57928422172766
298.16055381921103,2.9755984112578466,3.015270727169734,7,8.249802638955375,51.03786868106757
380.0550312574628,2.6817771728236472,3.308864456916647,2,10.055135548121896,107.1418277876127
414.41790499158634,3.7422013259177054,3.400206286197059,3,9.694568156718992,92.21948774979029
269.87933847739396,2.8693215147254545,2.6844201697021433,9,7.372655097759271,60.9229444382272
334.8459109164104,3.2661667294767116,3.142251165127097,6,8.747726465539031,89.57787153301008
403.3778477374062,2.9505084214900656,3.453762553418783,8,9.851810958975397,96.64956352652065
362.6610480321571,2.4256361904525887,3.1314623735665856,9,9.585345161429235,103.38976580847763
318.5287840232136,3.0714778867241903,2.9596991414813587,7,8.099465122245233,62.49329803907295
289.7515539948759,3.4144350604185023,3.0050466468251993,9,8.080972070071493,66.27582945793728
355.95993832575357,3.5118074679040636,3.1568197285712483,8,8.81194271921631,75.94826698988409
293.60721282035865,2.678013407658976,2.844595284070161,6,8.048053462033701,70.08442662259395
295.51855546872736,2.8195364566364005,2.9411345803645594,9,7.814266916916251,64.77842674215353
416.1981129209913,2.9367384622510717,3.270987913839794,5,10.296802273728577,114.3226829217847
362.2078181520334,2.9743263354844722,3.134373431981832,9,9.124265507356288,102.3058510884377
237.75248473844866,3.0897358627112332,2.67460753535791,6,6.286285937703011,53.11665033447911
393.0525353477577,2.960833901422838,3.347827250948505,3,9.686127475384474,103.04349788184182
350.7555440469077,3.0711000425072124,2.9830419244752435,6,8.735130493216195,80.50176275491302
318.90378690358114,2.553125415317199,2.7649008392041816,7,9.001100133139875,77.26358306644688
338.86046140017095,2.8668558382469955,3.0805651281609148,9,7.922646441814396,69.81113584403984
272.6023460155368,2.9505069279600975,2.65975933972493,5,8.07080439608368,52.500357308727466
419.7898251292976,3.3525630115694285,3.431378317730327,9,10.068102673184178,96.85358029748195
232.87473202864987,3.6013679313715996,2.610579749468439,4,6.258124754505665,37.31090848861823
381.16079085447035,2.538667038717702,3.2028668034541443,2,9.618622862337508,87.43565216091288
348.85902752583866,2.762475436772518,3.2654895361678333,9,8.804227430298758,84.63805958454357
343.5781784027265,3.435507861686669,3.0598855678766284,2,9.09756605438589,88.08239453124176
354.18812509940113,3.0318391449504145,3.2375718755879266,0,9.141377236935032,83.59186714754279
364.51773629396206,2.4851345725663,3.14567444649108,0,9.91293298766682,95.7429669099313
285.7464501163333,2.5585320685878523,2.8106930824054253,8,7.990423984127359,60.0783138460992
355.8605659129299,3.1601925546025313,3.0676503855697836,0,8.984226642901145,80.05437391041917
318.14787362478074,3.070214491831439,2.7786693528603967,3,8.847632319560084,95.95315896232822
357.75327091851364,3.293855018183732,3.255600403464376,4,10.11299768872373,81.6025481504327
253.2370477286209,3.2780811600336,2.648062821321294,8,7.188880683807867,59.96210381832813
369.6156424258498,3.1283142903730736,3.2181105473285703,5,9.480380228166984,95.91741256329675
357.68626489464737,2.841121873541605,2.997205826931259,5,9.331792314577205,99.33437531180554
283.60844547549976,2.669738526879143,2.9211002859399047,1,7.566219021666789,81.95675398990706
302.1862846717714,3.125252856005262,2.9542274058949265,2,8.184357970257935,78.64748522705727
387.9669119663771,3.7681470008577045,3.3345224945301313,3,9.454591693634024,83.02293923007477
324.3871358031548,3.297674284126014,3.0530665463600624,5,8.796730961337445,74.44980100959341
350.7801135126744,2.413285923753729,2.993134464851566,4,8.507715225994872,101.2090762025307
356.3858136615138,2.496852737636445,3.045215287661544,0,9.120855854540611,101.2630198278556
327.71354804025253,3.3280632747021937,2.9846835545819888,9,8.2775479054555,92.00235846042187
364.8932351780202,2.4825969499183618,3.1618984471404796,1,9.505796385739346,94.10667849577152
306.1441976034848,2.4092300289872393,2.872259214951704,2,8.356782111750498,80.40924373231239
459.88752595126124,2.9697337582696677,3.6344352363156167,0,11.238711118350047,134.09088775369278
300.75906089889736,2.7221598523347423,3.017810208346613,9,7.52156159389088,87.46951574212878
455.9272544168658,3.0915985569837363,3.6607242330066256,1,11.188680861874541,118.85546135896927
289.2737374843899,3.1686184334146246,3.016364424879588,9,7.685042150055836,46.284093967369515
460.802439544162,3.214516363806876,3.654039180105647,4,11.300097138529122,124.04023290210012
415.4904111153477,3.135474927168676,3.5400151489413383,9,10.473828292767367,90.78391100886137
303.95914622671705,2.590388563645448,3.0646456541228777,4,8.01638582138878,80.35122087996913
257.9531497558627,3.7966213208818935,2.577511268154872,7,7.295829326741736,52.918653274466216
192.81529375461534,2.7067868017904044,2.3023112792296416,7,6.155185920926449,47.89734882114324
497.79452674911715,2.516209225832478,3.788753888167438,5,12.104595101374125,146.82924089557116
323.3424043954333,3.1344579852104917,3.1367199176198524,0,8.473086200211288,80.08375849752154
429.74915180794585,3.7561762740623132,3.487886786715759,9,10.680649258616214,90.25158786419837
296.09511971909853,2.369201407123601,2.6958568123716833,2,8.059894037263707,81.99760637724967
340.32285730003946,2.708159012077036,2.9826730972134645,4,9.138911991022045,94.07170411727978
338.45834211313263,3.1555914917408736,3.1663741451076755,0,8.814292513805725,75.68022644208804
356.9404780575715,3.083121002941325,3.2187613119279073,1,9.219387244810408,80.79988457819107
241.70707396012887,2.530448014236411,2.656804158521566,5,7.160766065113833,71.81419249326346
287.8854606548376,2.8494797100300016,2.8633677533277258,6,7.872056728561585,61.90656184427651
380.86633004352495,3.818744878287823,3.189505321342363,6,9.542076695933986,104.00958462846434
307.87681436735886,2.962216514223199,3.001604786241135,6,8.37582515043827,68.51418506804717
316.6880283984081,3.2686124686916216,3.0703556012417303,7,7.964895689632437,82.32677765248643
380.79604598680135,3.0574351746020643,3.449226983381081,5,9.557015965010534,85.12366403308025
300.4701681924493,2.4536703378338243,2.9524174131003678,4,7.825382564786704,87.44404546184816
336.74214957022014,3.7693783179299816,2.9706903753837084,1,8.542398512837517,70.22698738430104
288.4090820353364,3.089693897814117,2.9165459414644097,9,7.992554717541989,83.15420679790128
218.0716426027951,3.304338661724591,2.585888268837751,5,6.329648345764661,58.002545854736155
462.607748753484,2.6836402473329786,3.6945862080018346,4,10.966156392592065,145.78838814402425
370.0197263172169,2.4082223107441103,3.255900905066924,2,9.671574978670197,81.32411815990858
346.6649197453727,3.044549040736021,3.019556031684382,9,8.464341152298458,92.6725949678119
326.4735108120706,2.6544468157640937,3.1362787328023796,9,8.749262239406086,84.79109000695289
322.05621478578456,3.530318659016876,2.9340085960723012,7,8.50040417712341,78.43869488790759
247.21192825454733,3.2022356967343497,2.543873659960205,2,6.540100678232038,57.1635183099623
277.3390280142526,2.504378918989343,2.6948264889226534,6,7.502499784395452,62.80525506213442
331.9337782646427,3.0896865617163174,3.0749043785265853,1,8.627123024442641,79.9115628343431
343.0611030567056,2.7653874921744257,3.0628966754900686,2,9.184826311163501,75.83979310368774
387.7007305558568,3.3339005305299527,3.4234138638535985,2,9.933993230115998,98.02039602226112
463.8075789592368,3.0632213959680525,3.5932801089047226,7,11.445324315200445,149.5935944108058
338.57967931498354,2.980764597067691,3.064922379725334,3,9.134103455477614,68.17238901070809
318.94332205782973,3.3800063314678583,2.901065972810189,2,8.210216033183105,67.52310709899378
291.2741770530616,3.4028533345892638,2.877499254493255,6,8.44273218197474,60.30410217345884
379.5990740528533,3.0413752517232426,3.317497868667079,5,9.55074692666876,112.41694717342263
265.07775547697514,2.71724297280506,2.7630297299946274,4,7.600958142497399,67.55071615273978
292.10459236519375,3.1010275383986494,2.917728705997383,3,8.458953986285971,86.62878012822455
334.12059000572265,3.3901249833911917,3.272963571951577,2,8.385834467969177,74.28743266924212
271.7318299697088,3.2781609898201194,2.7083616727934094,1,7.554542984919969,68.31993936730899
443.06911853135136,3.3362937928518197,3.670493220180709,3,10.878486308096152,134.72935025317778
339.38316635035704,2.4439112299386148,3.0331850570489056,9,8.45595192646136,97.9795548955446
320.63363344890666,2.2624825666077015,2.9424816494588155,6,8.042368007414156,76.8308420506374
393.30032384259414,2.5521815486467325,3.43441589675679,2,9.987125503952866,107.21028588219293
437.212044629439,2.7994391412457453,3.6045342810367673,1,10.714739004550355,122.93256702657332
321.8494608737177,2.4456048230404006,2.8642827823987353,7,8.492393309233828,92.09616220109918
363.1490196598363,3.0874136169643784,3.2515904601201435,6,9.932370437054516,82.60576249453162
273.39508545078144,2.9037339301879146,2.6743055963691758,1,7.669303731950769,66.41481895898322
388.5633655920526,2.7073473044365888,3.260365411807496,4,9.754799111656167,99.10353749934875
276.6723314664833,3.2412378739795336,2.816867460240828,4,7.179734691981725,66.11588306024824
318.45469869915433,3.410794505327893,2.9874082583387267,1,8.187379497082086,82.84803523617215
370.56352078266224,2.9628223173545645,3.3460367603393495,5,8.770568151459637,73.50029053797432
268.89892366302,3.131642711484052,2.901796590836586,8,7.581341069119673,57.44589636396994
307.53983206287313,2.7151116945403797,2.8956229809462606,6,8.276502344067277,77.50277684196774
410.3775685528664,2.980388263664785,3.327316105119694,7,9.856576320344242,108.08471869719638
341.1765571098717,2.4631489006059537,3.1634032871600146,1,8.722405350862022,82.24989410743144
316.2627482455416,3.415351540407727,2.961931127350428,8,8.384628199949628,74.98434151635021
289.6389571100179,3.441550937326503,2.847635183667185,9,7.812121466643394,74.9045994233131
298.4985331891272,3.1109433847858705,2.7794311324518834,1,8.453654141179138,73.64216237732435
391.1756114224708,3.5482144575986854,3.4302972542623476,9,10.013645292729047,86.15661559877307
513.2101499953772,3.2062512353775827,3.9667307344328853,8,11.93312620474281,137.47997684778514
347.1373186314812,2.5506023867041607,3.1645589594399084,3,9.201464414344452,90.57172674377009
354.05169228127545,2.835429357153599,3.3063243209902424,9,9.073727467947213,84.9388455361735
348.8892118404566,3.03143081188766,3.1075183452776627,8,8.813910902333387,99.01007918080872
334.70136695474866,3.292552101029997,3.15832425604041,5,8.3942366694065,63.77714948524486
259.0553531001661,2.68426459771213,2.743664430619634,0,7.424349543951256,71.02547203043585
300.6667762660141,3.2824315655260525,2.973216723350324,5,8.061507719635241,69.94418900362153
227.64606933439399,3.538490302481099,2.436263912802758,5,6.797642550449669,46.12896853135081
340.65936587647525,2.3728562298538174,2.9153043908684717,7,8.752085192476414,83.09436709276369
303.9321460937523,2.430810029895331,2.8922614222858307,2,8.164780171435593,93.207929389043
413.2281231220942,3.5115463253253574,3.3368133198233547,6,10.4275518711528,95.3131497657587
248.45212221711085,3.238576455032701,2.6719181655996307,7,7.114462289530559,61.80575226537359
330.3402712041339,3.1678439888096475,2.9378180442425927,9,8.622389189824869,65.0321625185778
373.6671285426978,2.9547487789937037,3.3011177599977977,6,9.921149141541813,99.77780687368801
371.69816150285806,3.09010564689902,3.4007656211242843,5,9.293652869663594,83.96361442179146
462.921469788502,2.208709900250076,3.722990011735446,2,11.534198076142602,128.3578128224944
477.982002479376,2.375402711023256,3.743469586165941,0,11.323843211435134,134.62553279266612
359.98713249278336,3.643512342293749,3.22161321884018,3,9.247699567454887,73.07881660481097
440.14142312576166,3.908973888178753,3.6232379078329027,5,10.75269194837931,92.36315984714687
363.93522182966024,2.8500711773512775,3.2427461997201696,7,8.881777498570955,89.93335118323893
399.3141502625134,3.72722476902313,3.364963465709862,1,9.838156030301874,99.91003945109775
361.7507153058609,3.3432056781208583,3.331841027844778,9,9.167974511405664,74.22478440998218
371.9958947658109,2.9553964691428227,3.2894018867304036,5,9.28133289079129,101.49438052434897
299.1923769158957,3.3571815480435077,2.853037442549612,4,8.14886316802528,70.65274792380283
263.84827092923365,2.6508155638185196,2.670518498234813,9,7.459706854856826,67.14735101474714
228.49144480054358,3.4029775892780796,2.5438845307863613,4,7.073139140233804,50.588649789668494
285.1071197831363,3.265970864920696,2.8209944771224578,3,7.173899752068493,61.219849189806574
279.8793177428281,2.697683399936655,2.6999616512532896,4,7.580300715746487,75.21989213042104
344.049448173237,2.043878253012225,3.1011969302664038,8,8.778031280815517,95.98890023652697
335.6631171880154,3.684816113607157,3.1332039694718135,0,8.498215647579467,77.6176071657656
437.20306862706207,3.4686871658864638,3.7564258947608593,7,10.876643567412064,125.07951734384822
321.340553194093,3.241648355835407,2.960972600461786,4,7.550405918833477,77.33807491197595
290.5678204921587,2.236257564997083,2.734757820929909,4,7.902147049414884,86.86048590646277
347.9172938176854,2.922292347208592,3.1167264775544252,9,9.67937055192519,102.26479178185187
432.01245604667145,2.57575797344136,3.4219578199179796,5,10.64465557935219,121.07312992356574
386.9561364166558,3.4229473221512903,3.3213310036431056,7,9.335328824259092,91.02263335413247
331.44725744892713,3.081755612641191,3.1446752053159086,0,8.980763854756352,72.62398701682258
457.7526603857313,2.913756168572791,3.7568992529729512,8,10.630493615743173,124.55376118737222
364.9630210226453,3.4037887154383877,3.151719477541679,2,9.490675750885133,79.16952847781494
303.619412968672,3.0524260744863394,3.041678226844054,6,7.80694744516537,70.61200060728063
323.59733079818096,3.092578369010229,2.9675686708901376,6,8.25128763318669,88.88771207342708
322.36167374241273,3.4636296259823594,3.011829075203883,7,8.642930338372281,86.71591799999771
337.1931708972892,2.9452018042230166,3.046764590494533,2,8.676433797377978,83.47410653977312
373.1190427837302,2.2479959864368944,3.19939699613899,7,9.594523277062724,127.63762802036514
384.35496688136953,3.144259156574318,3.3062489295243727,8,9.463628544185456,92.91624037364582
347.91890675679315,2.6119502958481426,3.115256135846464,0,8.774646922743731,111.44721285393878
365.36178405883254,2.8168606455270044,3.1932951421770177,9,8.991130955432745,102.92468812373039
288.5367415199426,3.469102738106978,2.7355783396348077,4,7.494532752475042,72.82788983613943
344.6527976292327,3.6354507712174384,3.1922347686706827,4,8.5040063681979,83.57365582322136
303.33099874454746,3.029149639206206,2.720392424555479,9,7.969923834127547,69.75531678444868
348.7459043621511,3.4403285593690422,3.343296270789152,6,9.135871040314143,93.48366703306978
364.6212326895147,2.9029274892751866,3.2652034578865123,2,9.293338459836319,92.56088315101061
309.4164618764438,3.124443996457278,2.982332806217907,1,8.129127711436679,75.1871004395864
367.81908039399116,2.6413431090739166,3.074776520854539,0,9.102293203384326,87.47951519674918
385.21142562801623,2.9442411197347065,3.328303717421286,3,10.194257972250654,102.04503499747462
400.03532927293423,3.1265433286144577,3.3231770397449254,7,9.907943862343727,113.25687679411266
369.4450381636877,2.4513305211078134,3.329735017285202,6,9.201231952820896,113.40784888147411
340.40368820219436,3.0308625984870865,2.965422869890918,9,9.035820312134682,71.89411614330422
372.63271250387123,3.1849934496267416,3.2846348808364088,0,9.366852983513391,82.60920135274407
253.55100592632635,2.9603622799034923,2.6850891960686725,6,7.026003442416769,52.30894214786805
333.4968981709014,2.9634401769963543,3.174782295631108,1,9.028927409411724,66.86068805443514
424.2689787184077,2.8382410307264156,3.528279327295664,3,10.288311290676736,114.38791110520216
319.3270594141289,2.6208429130924054,2.910526506053287,9,8.710555607996973,89.78680318225523
355.8197578995631,3.078452583609563,3.2230489125598383,2,9.133390135460395,83.94146235433256
265.2617779198825,3.220696319964368,2.602383050114065,8,7.432485342318225,57.49205688499895
296.3235618668298,3.324319458236684,2.826663781874595,6,8.194982731559431,79.3580599135592
375.77709314795516,3.2344663201571136,3.338388412323332,2,8.95299012206538,88.85702368931439
425.34536753441125,3.261990233688676,3.6182658652280724,6,10.032550140078586,100.21685318799051
341.4572308987224,3.050471161464787,3.1902593962815295,1,9.279544713561094,102.2322441706765
326.9266673462105,2.675039060425032,3.126478781125294,4,8.378723095025636,76.39039806061304
302.5715326732813,2.4508562194075743,2.983308317348879,4,8.085411776626955,100.72295373936093
270.30883706609416,2.6149069738861552,2.7489867541112716,4,7.473512286889875,67.97900977711505
399.6309949421614,2.699025905058786,3.6071088468802843,8,9.908417375783197,105.15665960167202
329.9299258495431,3.30876806193467,3.060085223000037,4,8.231416436962185,75.85079459207702
324.78879097424857,3.4727564371839845,3.1190888825770515,3,8.466199379799694,88.00316911319116
440.2395793149613,3.2361688245005853,3.477945565097955,0,10.653359109930761,109.30930874832819
293.0360666700834,2.7230998682936414,2.8577855767895777,5,8.014082113259164,58.26407712070171
316.86661734314174,2.7104038673029565,3.10230560755178,5,8.423940435646792,90.41084674706761
367.58434839792085,2.584582471662411,3.1119052654723465,4,9.844291515999327,103.71914940640094
385.29903238907457,2.9153332072275293,3.301341273340923,8,9.858378045855254,118.7720634692261
402.1763552063396,3.8199248383143702,3.3473455371491347,1,9.849737850389431,100.77639870094353
328.9091909575215,3.3616070219045255,3.021083897791866,0,8.419468015946542,93.89429086116257
351.56546301265,3.067223922386728,3.2136412665151006,8,9.379872751035458,73.50081979698489
368.85483995571644,1.8671377607557724,3.043887963337907,9,9.231931048898034,95.18363806092286
316.0221362238337,3.5273209299410677,3.0915428505860554,9,8.094159969470867,77.15512126200544
300.90675900599166,2.38041578997861,2.9503110816451468,0,7.996985546702106,84.23914992538377
320.94595562802493,3.0592357679193105,3.0410929664026214,3,8.056026806953136,95.72655370308348
348.5524947733998,2.1654089366515663,3.2317872239506498,1,9.366329156150385,93.30844027365485
344.6158583427664,2.7567093970220964,3.245387598423364,7,9.058998506656362,78.44570633005898
323.2091028759787,2.8361253629482013,2.8562330791915187,9,8.495794709363363,80.69019848895938
368.09284054001677,3.100589443576205,3.1891428460529254,3,9.471345111540202,95.57702454515963
356.56368767629357,2.6056784765328693,3.109401058503618,5,9.220899626035576,107.68552447323562
303.5726480537856,2.6880588215113446,2.8573887738151065,6,8.10825405587415,62.91787244810451
387.5400408659004,3.391368844811214,3.3186963008293526,6,9.804769062664052,107.40882427257615
316.3891375881818,2.6248297693854403,2.8821396252094678,5,8.625395456624593,81.69774396255579
392.0185927645395,2.991088408326515,3.4223640862127245,9,10.234846191366005,115.65710279894579
317.304854791463,3.1124037001127225,3.0365106863313525,5,7.694296232025049,73.89115527831522
394.59584564136287,2.285449813858125,3.521145568453074,5,10.076527158031173,104.15376815849038
392.7799058103433,2.6597858885011822,3.395515124769994,1,10.211901932745334,98.53822637642239
395.62487936865784,2.5801378004360234,3.3981054402151605,9,10.034613273510518,109.95732772716245
291.34668531208695,3.169757575144405,2.6348033892856813,0,8.016177211608174,50.34642663139284
349.7838476545659,3.09715280526011,2.9834304946499994,1,9.281614466704143,96.99468608651691
306.80934749631746,2.1800234885690086,3.0461498042140347,1,8.401284931172352,81.74340991740301
479.7952833983276,2.705291945620951,3.9246913386778957,8,11.638788596395665,138.38836044452185
378.42997525470724,3.043763388733188,3.2603783665979127,8,10.244330246697437,102.25677442716128
316.6713728503847,3.1974619390572605,3.066690255429954,1,8.866020724790548,78.87549357195557
301.0513829020737,3.2432984766739876,2.8976618121461164,1,8.105385085232287,72.38966020692509
289.2301327799346,2.392261569809263,2.819699179768612,3,7.589177254514357,69.32797409750638
346.9857134330518,2.649290487515262,3.189655046903056,5,8.88161643087712,79.27726365027624
370.6170973741077,3.1701959732960923,3.2202960152192466,4,9.855304052399923,91.31820105014596
309.13690055150715,2.5590921038176577,2.938821098148989,6,7.3006214206308595,72.2294452603687
273.1817360797463,3.1516612474904497,2.8655657314566763,2,7.556049883446157,67.779860330873
395.3234735495454,3.190172273010649,3.4094053201636627,0,9.869945218475923,98.85439469358516
274.90763454857336,3.8736386933521825,2.821205270939475,6,7.226433000712682,51.784829578691095
342.324944511154,2.8791277652069516,3.051038640479881,7,9.063213297571412,106.4614005991732
275.731070070389,3.3505822582011744,2.6805387972379773,8,7.801632096446156,59.603599850080975
328.1832672671687,2.9274203723009933,2.981680740770638,6,8.776500890485085,78.13841548694961
363.4272770983339,3.09720188882176,3.150358429844781,8,9.20577897984332,99.41024051119658
415.33703581804195,2.6048506636397004,3.6088155823175105,3,10.267794506440811,116.44795177994285
280.9403853546618,3.076169555970023,2.9847530449243944,1,7.630208750543696,67.55486064794162
345.07092929644585,2.7677406789784196,3.0304629943997456,8,8.72272019771587,87.78460550539128
267.1939125071065,2.4894782333846655,2.818574279679683,7,7.826081922948128,73.69375421300046
371.1233237908578,2.66628727598615,3.33335735423074,2,9.801042926031354,80.47864233891374
391.40863950266674,2.7163916169478037,3.2941168581440547,1,10.187144240552684,113.34019926436561
390.77586493608055,2.9843921922489822,3.454630693664095,5,10.478674199199016,112.80066672662281
232.41979256721345,3.0681855083986282,2.5112026002653174,0,6.209083387281323,18.295263486002938
436.4070329269684,3.1452462510978094,3.5561497245978586,8,10.755014862915942,99.71674604423085
479.1909474506934,2.3269365223509255,3.907694618843713,8,12.02517004726195,131.23744309166221
315.4509055613192,2.9125386890259857,2.9563231458486596,4,8.442398911692425,74.77844673097567
458.05642597464896,2.244140283161539,3.633246993231877,4,11.115746534396926,130.79137961065152
312.6115684145141,2.790135037173279,2.908230962580063,8,8.058363175337142,80.95909277694031
256.60224958856577,2.9438499764378654,2.7079421075070016,3,7.25499058884987,56.97226758818792
390.4891695299962,2.716084403106586,3.2007815927079015,4,9.245228676950633,95.36958256174094
360.3908555510709,2.385983900987056,3.220924894516394,0,8.729918990961917,86.69012893145657
435.2302548793913,2.853797625205894,3.6979471896275125,4,11.00477979300072,119.89034071189609
313.23267857093686,2.8512568470885338,3.007024123624861,0,8.655955644282184,77.65601555846892
383.77815420143423,3.020479160752434,3.2576670975563964,4,9.6745507468054,98.0245502920771
264.1534938729171,3.516257784369019,2.747773205203728,5,7.623200906518462,55.66275111148521
269.3329693379434,2.918990309174068,2.576277688007045,6,7.5991237137358345,61.95079452432493
418.62524259241576,2.57350602724031,3.668988261381592,7,10.129429120744001,115.88866626983133
347.5905229613394,3.806110044184256,2.955892284751845,6,8.893337975120984,76.32276550128424
419.51573474044426,2.8163638759124034,3.5474008485519,2,9.973442954779808,134.03333657069436
388.7290508684645,3.2343616804658595,3.2986439685427413,1,9.416403515449574,101.84639892234746
309.19851670529056,1.8372047122713433,2.948081232356049,8,7.9922818097989605,64.23419327183564
319.03731630695756,2.359891558198516,3.2644899479328373,1,8.362548081994765,85.25754820592441
309.08094512013207,3.300439781802924,2.9241838286105453,5,8.394110056562962,72.60633321293258
507.94292389024343,2.2124307430335666,3.8945486718352544,9,12.570956041353755,162.81185542237083
348.409167473047,2.886744441302493,3.1257665467580056,3,9.033413211414857,102.41854279253668
353.8568011457278,2.6612596135498543,3.3112443061800025,2,9.090279464508288,102.95986864669783
392.65759809220947,3.510156295199606,3.4389668584597457,9,9.938138323308031,106.92776248333202
301.8633638467029,3.4282442239916744,3.0218602976749915,8,7.995390388487506,73.61212182557593
455.32045054659227,2.9691115819107816,3.7935612519757385,7,11.428161212124785,112.9174880516754
354.05110888460655,2.787132574749124,3.0376083315919242,8,9.233372904579017,105.98078044779514
294.60600523334574,2.765628930672898,3.0485775959982773,3,7.0811504167671435,67.64894700298034
322.43834602758534,2.7217220491211744,2.88026701067805,4,8.501699387134874,91.35980466125837
360.66206005599525,2.939871815891251,3.2907620076932282,5,8.791345962018354,83.34621928003268
329.4387443551791,2.5427922751705085,3.0732379481092513,4,8.471247442390435,70.5698117387384
395.11598196120644,3.662162845235318,3.356477133546015,4,10.217515958026413,102.94638823340381
386.70057733045206,2.6864985915502286,3.3031302837745935,1,9.812213676356214,120.80287846914257
370.7868925698185,2.8523171198210218,3.4200814794218943,7,8.769720817315257,106.92386289911934
352.8188356258845,2.9604619195042776,3.136928667096817,0,9.272062705717211,77.75357456317563
285.79491402043084,3.3653894928069628,2.714205431120587,1,7.605015179595526,70.29621268682774
380.82715705473254,3.3320767247450442,3.3396971201522287,8,9.417672865829367,100.63525639797784
361.8850856460713,3.064195849589392,3.226609362209709,1,8.935738943337533,119.73603954294875
372.944584771043,2.451302748294598,3.1479449687284218,3,9.486745165763196,113.74467373169847
503.6050722961277,2.674794251095948,4.0075609045568985,6,12.09473153759303,142.869067752043
321.8315368439029,3.4330764215548295,3.0750822510627547,4,8.75149655147386,81.69376806453656
321.2750827001914,2.2125983146247785,2.923069807800881,6,8.578119160972808,80.86581346747262
362.53181570028534,2.862980319656894,3.2519006752193036,1,8.882906615105004,82.69404493478505
290.85643721986736,2.948938127392724,2.8475643570944014,0,7.889354698243919,62.40742153159805
417.5939017728655,3.2203190289094654,3.639897901228504,2,10.44961693043196,95.46395885724895
411.9479156330688,3.4232473300348603,3.4585306833807383,3,10.351175283615648,112.73457561664854
386.62221592600787,2.589698926543889,3.358131100255209,0,9.505720770672305,99.88563180137062
361.2060058686247,2.1291739814228583,3.2301622228348013,0,9.516679406307222,83.99454500146034
450.586238736517,3.5247934954295785,3.50807205221923,6,10.635437947779565,114.06874724954172
430.7252027692987,3.0187739608241477,3.6946719283668434,8,10.414060829724274,99.58965769024621
374.4951653428683,2.1926048542445447,3.3287639127317767,0,9.484077425091046,105.63169428193451
380.43644186643786,3.233028527523522,3.0891255613514694,4,9.61065551827204,107.31640328408086
155.52395959585564,2.6381542500024935,2.301198017161494,1,5.272105989651024,28.719210669363306
389.26193938124345,3.0136109644288926,3.4114618960401675,7,9.697695406950206,113.0076086616022
368.4379712525966,2.6217972480229075,3.382349715557626,0,9.281677061795337,104.74515606865258
369.9388407187755,2.7799538868253846,3.3514603502782276,1,9.205721345261466,104.41264516596203
365.0295710207526,3.3367934781808506,3.207562414660556,6,9.00317371557816,92.19150142422012
345.79005731248117,3.072425097108433,3.0833382038149866,7,9.011553499375378,65.81130122769106
329.8529180425923,2.8012271899528085,3.2301952251862724,3,8.604324197853675,85.08912861033026
416.5222148349745,3.3398447954064854,3.5209099726489654,9,10.326108615436006,109.94939166543186
355.195387248374,2.787418179456314,3.0173786050180738,4,9.073861522023494,100.2829132777198
385.03569111955784,2.1215488715600213,3.2725536699460473,0,9.457832766414663,106.30780391473677
451.2284981043539,2.63017435424876,3.6586813325760104,5,10.566873067716049,145.44553162119135
270.7726032149434,2.7151304543295827,2.671013313596692,3,6.98343679952058,46.72341680763009
275.7829573473151,2.7169496420711896,2.6188243888889238,5,7.186776620877742,62.22585702366898
368.4681061335236,3.398232605600812,3.4377562740426466,8,9.523293862123296,90.12962960433045
462.8694241664354,3.611212543755133,3.66879316822979,1,11.406398250299667,115.58407010588539
410.8622039010878,2.460781155223933,3.5397086171606613,3,10.730428089796334,103.95452230383854
341.3383752845634,3.8850124157588968,3.1620169984212954,5,9.168731074029981,93.64149521230053
306.8933467248538,3.2715725160237112,3.0038146248156683,2,7.72780332497245,88.57388699843541
362.83879464405334,3.4094122576741377,3.090427730987537,5,9.001619756618277,103.48141303688251
277.14868323273606,3.1900670985981527,2.8526175817229316,4,6.95033369474856,64.94232721879625
378.3942574744127,2.521284541429475,3.149575572127049,9,9.273138931426761,111.74515615282901
265.88893623246315,2.8567882481012057,2.703155598241489,6,6.974877250830118,53.32609386779668
421.3409918664531,2.5571372732790194,3.5287591020336526,1,10.702566089412063,114.11950915731273
243.2767850657433,2.460169515379387,2.70609054501743,6,6.962459483249675,61.24749943011989
361.07803151193826,2.758871737686415,3.229785477350541,9,9.259233566280228,106.96602058041239
384.1860368139322,3.4467335102119816,3.4344921987879555,1,10.00053777899846,92.48705134399555
359.22350635673166,2.2467399167765665,3.1980323095252334,9,9.350217113459777,108.94914249227423
439.762658689351,2.8339144928378914,3.726300797574627,3,10.719547123149132,100.45796583182046
326.8811841882944,3.2216231084463627,3.080665050226867,6,8.444888744505137,90.79774154376764
400.97612582126146,3.135209392440683,3.324054056942215,1,10.271069748760723,94.2908885811932
254.33434047233797,3.19657178108808,2.5994979470279644,0,6.7726135146421775,56.54418836283281
434.16765865616594,3.1964830661647987,3.5689122553073904,7,10.874972239732074,121.2731464218233
378.94834491459113,2.867684310268977,3.4320265720406087,3,9.10781671720487,89.3730459257199
414.9830745905166,3.088915942320342,3.5468911671674013,5,10.336350742720017,99.32869562277597
247.79705363869073,2.484676953014585,2.5953088444696317,8,7.1032335582652895,54.43349930598195
321.50328133034265,3.1765228606796985,2.9176380018194004,4,8.440290667084621,96.65730248155812
305.0908078066068,2.94118983062766,2.952603570115599,6,8.380168194556507,69.47557693746819
263.11916597502534,3.355001586965624,2.6266717470522942,4,7.122790182466491,48.16915966056836
307.80941449244676,3.0070453007734628,3.0210814737234797,4,7.903214311254078,67.43336746034498
268.40863154120484,3.5301728436380313,2.7004237172174985,3,6.8969097852035475,50.50896567448308
364.0528839521912,2.8409768938033113,3.190280600133468,4,9.389508736605656,92.84816567429165
328.44247455277645,2.9351504098080565,3.181046150584727,9,8.696067804394756,92.5349064658079
319.79146075302805,2.8354027421751278,3.070775876335934,9,8.494457938151605,69.92046000519174
354.3990780313042,3.1480244461075824,3.266126448233269,6,9.215061280304123,72.9939866241876
350.314621983091,3.0781926926213163,3.0969051014567284,0,9.362003686060719,92.64663448941522
383.5874268758624,3.1857479454186297,3.2692168422598193,9,9.696480463397599,114.93678044322434
392.46511612732854,3.400729941472775,3.341739637548609,0,9.862383056458308,90.25903321682395
378.35584894478257,2.951177147151489,3.2386821549427163,4,9.082223796364675,101.83005117228636
444.64719678580843,2.6620234245626015,3.699028168921404,2,11.043197278199505,100.7014346144515
354.91244836317935,3.2885917295029374,3.149859671741297,6,9.741793705595605,95.06468277678513
450.1412915173636,2.9269724102481836,3.6289018680475804,1,11.426491996971901,120.56615837439658
366.74129154622034,2.963262094266018,3.4185673410607427,9,9.1720236910042,99.77264439400824
291.44760482136,3.5011370537709934,2.810657467194984,5,7.632729391488974,65.6185518023212
363.3280262980228,3.0138854995010247,3.208580156560438,1,9.346698521263901,85.83872432036871
361.64539957389843,2.9762339274910024,3.337814176055794,9,9.09128081816883,79.17201874017942
445.5911975983638,3.759106806698391,3.6689322675877687,5,11.473813284832541,102.32943946948085
348.01238162757215,2.7042514370163855,3.1369560148507705,3,9.353340256387327,89.44829999653348
315.46173042573355,3.1288329243067943,3.040261610550849,9,8.80122396732609,78.11856140167865
370.50535854662957,2.673513102183214,3.229486721312571,2,9.80062955775223,104.99948494918581
400.43861293932343,3.139024645521421,3.2653615608133357,2,10.205542491745398,105.99375324702707
300.14299301533777,2.786559877424333,2.768469169402332,7,8.446118884623335,83.99667670649255
264.1915173223621,2.8487968403927133,2.7529227692037077,8,7.0126580540078045,69.22943762338762
413.9288225039211,2.526387776710976,3.276876854585044,3,9.982422591933066,112.98228726965354
348.0383151143544,2.7543509739966736,3.2783369834408207,8,9.312808459532686,83.35075045848545
287.7652307404126,3.326200408977705,2.810929860668882,5,8.373755687799171,54.01008790043112
353.61381259646157,2.8796561011436697,3.17216098052188,4,9.333296571135858,87.70300156433406
419.5597882018549,3.335787401807362,3.473390893641854,8,10.248724667050341,112.76565562290729
352.7343103942288,2.5716590325262243,2.96666117019996,1,9.0282015933792,96.85976837388976
470.612272325981,3.3984472859644517,3.875959411878811,2,11.289001160133244,117.86626736507554
275.32071780131497,3.432793923699977,2.556046983296668,4,7.993817893567168,56.7870303475669
225.59658605551104,3.34892615201138,2.5861855869860277,9,6.401884397565815,57.35687799454555
407.5562495651124,3.722878657455154,3.4879595214423165,5,9.667056571939227,101.82813695493341
375.5274537070979,3.656245825395315,3.4048726185461664,9,9.096663624705279,105.6213817103367
282.6366787062621,3.3915558234227117,2.9608768361431377,3,7.488116101802953,57.154949320944056
310.903979143651,3.764567634855889,3.043779629548186,6,8.991992384169315,64.32812296656084
414.8468435332773,2.779779227316605,3.4390420858847355,2,9.859671420826066,127.53859316293943
283.3654492720503,3.029278796400678,2.8517922510902207,7,8.032456541688655,60.276801636464434
331.3839946043926,2.607078567849074,2.995194654367271,1,8.536112480781453,83.27585650284459
336.14392818747933,3.313149493979429,3.082281474332357,5,9.079094379219013,94.29115957607237
392.6968926853334,2.7300263924837793,3.445362227802153,0,10.252396096261386,108.98708463500137
422.3905379905014,3.171736329120694,3.4832079380124714,1,10.6160865941924,101.93353737601264
451.7873820974023,3.0157788192962958,3.8152782463702226,8,10.743388850546856,133.46541929166736
369.3631136202854,3.1832672459154794,3.0691920448115946,1,8.943588801773469,85.96172092840143
376.6291656887737,3.4746938480709324,3.022724442781155,8,9.32107975704795,78.28168734402556
381.0595412281474,2.601940607258648,3.0523416983713068,8,9.342984884305777,104.25348428615396
342.4527847940211,3.3056119126291437,3.182054251224008,6,9.233360604400957,91.7945659221191
340.5195260852606,2.9056120051156116,3.1223268569894236,0,8.617325572009975,72.53620878937943
445.16100896872115,2.139046582156328,3.7452159851483433,0,11.115652782381002,123.90906082908714
402.3392382032407,2.8880758630491976,3.375719326437295,3,9.846062942466839,117.83296092748571
304.45204030677814,3.4423601697429236,2.9255399010750494,9,8.311669417738356,66.50346717940371
321.68408805263397,3.1135004094646006,2.943483136431027,3,8.378095463389368,75.93667179182394
436.62587624439556,3.2282028833418064,3.7352300039379154,6,10.536387623293265,97.1140450879953
411.91067236811807,2.4942006372180137,3.6428090661885104,0,10.157654252990612,105.23352366956303
259.08853626808684,3.0209033961989933,2.616844078076936,2,7.141565575359862,52.768895525305474
265.5521735374067,3.63623282904714,2.6414832912827215,1,7.5913394441199165,37.98616154391648
320.77247697411826,2.4510137808463597,2.9213213318726954,5,8.279481124684182,92.0222624105076
272.295273676183,3.1831222439703137,2.801269073375596,1,7.125645599247378,61.26415713908946
402.6417374345403,2.780719880733291,3.4225459246003664,9,10.207688234825294,117.11985857072405
443.9314417540604,2.528252351346953,3.7774690145265204,3,11.20891672558078,132.21279856085906
352.7861928893689,2.8711887382031764,3.2389888811990213,9,9.190038935530461,70.74517901362117
363.4330414567479,3.357858875029549,3.362747439498416,1,9.613194541893986,90.73875755535974
315.7552223750314,2.939480311906991,2.9274564754238175,3,8.113918384777635,87.83828072125783
322.2634826776974,3.0637850027216516,2.910911953704286,6,7.991155335770101,71.96924331811493
333.63658581513977,2.5543814199352024,2.9897067382629285,6,8.80122384546509,99.95349253513655
367.3501186344691,3.436344668241479,3.1778639104984756,3,9.726714724948792,98.23000213613597
